{
  "env_type": "AlfredThorEnv",
  "num_games": 50,
  "max_steps": 50,
  "average_success": 0.0,
  "average_goal_condition_success": 0.06,
  "average_steps": 50.0,
  "success_list": [
    0.0,
    0.0,
    0.0,
    0.0,
    0.0,
    0.0,
    0.0,
    0.0,
    0.0,
    0.0,
    0.0,
    0.0,
    0.0,
    0.0,
    0.0,
    0.0,
    0.0,
    0.0,
    0.0,
    0.0,
    0.0,
    0.0,
    0.0,
    0.0,
    0.0,
    0.0,
    0.0,
    0.0,
    0.0,
    0.0,
    0.0,
    0.0,
    0.0,
    0.0,
    0.0,
    0.0,
    0.0,
    0.0,
    0.0,
    0.0,
    0.0,
    0.0,
    0.0,
    0.0,
    0.0,
    0.0,
    0.0,
    0.0,
    0.0,
    0.0
  ],
  "gc_success_list": [
    0.0,
    0.0,
    0.0,
    0.0,
    0.0,
    0.0,
    0.0,
    0.0,
    0.0,
    0.0,
    0.0,
    0.0,
    0.0,
    0.3333333333333333,
    0.0,
    0.0,
    0.0,
    0.0,
    0.0,
    0.3333333333333333,
    0.0,
    0.0,
    0.0,
    0.0,
    0.0,
    0.0,
    0.0,
    0.0,
    0.0,
    0.0,
    0.0,
    0.0,
    0.0,
    0.3333333333333333,
    0.3333333333333333,
    0.0,
    0.3333333333333333,
    0.0,
    0.0,
    0.0,
    0.0,
    0.3333333333333333,
    0.0,
    0.0,
    0.0,
    0.3333333333333333,
    0.0,
    0.0,
    0.3333333333333333,
    0.3333333333333333
  ],
  "steps_list": [
    50,
    50,
    50,
    50,
    50,
    50,
    50,
    50,
    50,
    50,
    50,
    50,
    50,
    50,
    50,
    50,
    50,
    50,
    50,
    50,
    50,
    50,
    50,
    50,
    50,
    50,
    50,
    50,
    50,
    50,
    50,
    50,
    50,
    50,
    50,
    50,
    50,
    50,
    50,
    50,
    50,
    50,
    50,
    50,
    50,
    50,
    50,
    50,
    50,
    50
  ],
  "game_info": [
    "/root/.cache/alfworld/json_2.1.1/valid_unseen/pick_two_obj_and_place-Pillow-None-Sofa-219/trial_T20190907_163240_345855, score: 0.0, goal_condition_score: 0.0, steps: 50",
    "/root/.cache/alfworld/json_2.1.1/valid_unseen/look_at_obj_in_light-Mug-None-DeskLamp-308/trial_T20190908_201421_021646, score: 0.0, goal_condition_score: 0.0, steps: 50",
    "/root/.cache/alfworld/json_2.1.1/valid_unseen/pick_and_place_simple-Watch-None-Safe-219/trial_T20190907_074556_124850, score: 0.0, goal_condition_score: 0.0, steps: 50",
    "/root/.cache/alfworld/json_2.1.1/valid_unseen/look_at_obj_in_light-Vase-None-FloorLamp-219/trial_T20190908_203614_840353, score: 0.0, goal_condition_score: 0.0, steps: 50",
    "/root/.cache/alfworld/json_2.1.1/valid_unseen/pick_two_obj_and_place-PepperShaker-None-Drawer-10/trial_T20190908_010306_215435, score: 0.0, goal_condition_score: 0.0, steps: 50",
    "/root/.cache/alfworld/json_2.1.1/valid_unseen/pick_and_place_simple-Vase-None-Safe-219/trial_T20190908_205204_244321, score: 0.0, goal_condition_score: 0.0, steps: 50",
    "/root/.cache/alfworld/json_2.1.1/valid_unseen/look_at_obj_in_light-RemoteControl-None-FloorLamp-219/trial_T20190909_032721_511027, score: 0.0, goal_condition_score: 0.0, steps: 50",
    "/root/.cache/alfworld/json_2.1.1/valid_unseen/look_at_obj_in_light-BasketBall-None-DeskLamp-308/trial_T20190907_161210_531813, score: 0.0, goal_condition_score: 0.0, steps: 50",
    "/root/.cache/alfworld/json_2.1.1/valid_unseen/pick_two_obj_and_place-Pillow-None-Sofa-219/trial_T20190907_163408_914117, score: 0.0, goal_condition_score: 0.0, steps: 50",
    "/root/.cache/alfworld/json_2.1.1/valid_unseen/pick_and_place_simple-BaseballBat-None-Bed-308/trial_T20190906_185530_954329, score: 0.0, goal_condition_score: 0.0, steps: 50",
    "/root/.cache/alfworld/json_2.1.1/valid_unseen/look_at_obj_in_light-Statue-None-FloorLamp-219/trial_T20190908_041411_333458, score: 0.0, goal_condition_score: 0.0, steps: 50",
    "/root/.cache/alfworld/json_2.1.1/valid_unseen/look_at_obj_in_light-Statue-None-FloorLamp-219/trial_T20190908_041353_333106, score: 0.0, goal_condition_score: 0.0, steps: 50",
    "/root/.cache/alfworld/json_2.1.1/valid_unseen/pick_heat_then_place_in_recep-Potato-None-GarbageCan-10/trial_T20190907_161817_163233, score: 0.0, goal_condition_score: 0.0, steps: 50",
    "/root/.cache/alfworld/json_2.1.1/valid_unseen/pick_clean_then_place_in_recep-Plate-None-CounterTop-10/trial_T20190908_213533_897289, score: 0.0, goal_condition_score: 0.3333333333333333, steps: 50",
    "/root/.cache/alfworld/json_2.1.1/valid_unseen/pick_clean_then_place_in_recep-Cloth-None-Cabinet-424/trial_T20190908_022345_347148, score: 0.0, goal_condition_score: 0.0, steps: 50",
    "/root/.cache/alfworld/json_2.1.1/valid_unseen/pick_and_place_simple-BaseballBat-None-Bed-308/trial_T20190906_185515_986084, score: 0.0, goal_condition_score: 0.0, steps: 50",
    "/root/.cache/alfworld/json_2.1.1/valid_unseen/look_at_obj_in_light-Laptop-None-FloorLamp-219/trial_T20190906_180922_517529, score: 0.0, goal_condition_score: 0.0, steps: 50",
    "/root/.cache/alfworld/json_2.1.1/valid_unseen/pick_heat_then_place_in_recep-Tomato-None-GarbageCan-10/trial_T20190908_225046_020282, score: 0.0, goal_condition_score: 0.0, steps: 50",
    "/root/.cache/alfworld/json_2.1.1/valid_unseen/look_at_obj_in_light-Laptop-None-FloorLamp-219/trial_T20190906_180831_140621, score: 0.0, goal_condition_score: 0.0, steps: 50",
    "/root/.cache/alfworld/json_2.1.1/valid_unseen/pick_clean_then_place_in_recep-Pan-None-CounterTop-10/trial_T20190908_032543_712058, score: 0.0, goal_condition_score: 0.3333333333333333, steps: 50",
    "/root/.cache/alfworld/json_2.1.1/valid_unseen/pick_clean_then_place_in_recep-Pan-None-CounterTop-10/trial_T20190908_032518_891433, score: 0.0, goal_condition_score: 0.0, steps: 50",
    "/root/.cache/alfworld/json_2.1.1/valid_unseen/pick_clean_then_place_in_recep-SoapBar-None-Cabinet-424/trial_T20190908_215019_162873, score: 0.0, goal_condition_score: 0.0, steps: 50",
    "/root/.cache/alfworld/json_2.1.1/valid_unseen/pick_two_obj_and_place-KeyChain-None-Safe-219/trial_T20190909_012027_782483, score: 0.0, goal_condition_score: 0.0, steps: 50",
    "/root/.cache/alfworld/json_2.1.1/valid_unseen/pick_cool_then_place_in_recep-Tomato-None-Microwave-10/trial_T20190909_102644_926781, score: 0.0, goal_condition_score: 0.0, steps: 50",
    "/root/.cache/alfworld/json_2.1.1/valid_unseen/pick_cool_then_place_in_recep-Lettuce-None-SinkBasin-10/trial_T20190907_040233_171346, score: 0.0, goal_condition_score: 0.0, steps: 50",
    "/root/.cache/alfworld/json_2.1.1/valid_unseen/pick_and_place_simple-SoapBottle-None-Toilet-424/trial_T20190907_004404_604165, score: 0.0, goal_condition_score: 0.0, steps: 50",
    "/root/.cache/alfworld/json_2.1.1/valid_unseen/pick_two_obj_and_place-ToiletPaper-None-Cabinet-424/trial_T20190906_202903_584090, score: 0.0, goal_condition_score: 0.0, steps: 50",
    "/root/.cache/alfworld/json_2.1.1/valid_unseen/pick_heat_then_place_in_recep-Tomato-None-GarbageCan-10/trial_T20190908_225453_272533, score: 0.0, goal_condition_score: 0.0, steps: 50",
    "/root/.cache/alfworld/json_2.1.1/valid_unseen/pick_and_place_simple-SoapBottle-None-Toilet-424/trial_T20190907_004321_405868, score: 0.0, goal_condition_score: 0.0, steps: 50",
    "/root/.cache/alfworld/json_2.1.1/valid_unseen/pick_and_place_simple-Plunger-None-Cabinet-424/trial_T20190908_021510_064551, score: 0.0, goal_condition_score: 0.0, steps: 50",
    "/root/.cache/alfworld/json_2.1.1/valid_unseen/pick_and_place_simple-Mug-None-Desk-308/trial_T20190909_210238_431966, score: 0.0, goal_condition_score: 0.0, steps: 50",
    "/root/.cache/alfworld/json_2.1.1/valid_unseen/pick_and_place_simple-Watch-None-Safe-219/trial_T20190907_074524_006355, score: 0.0, goal_condition_score: 0.0, steps: 50",
    "/root/.cache/alfworld/json_2.1.1/valid_unseen/pick_clean_then_place_in_recep-Spatula-None-Drawer-10/trial_T20190907_080800_275989, score: 0.0, goal_condition_score: 0.0, steps: 50",
    "/root/.cache/alfworld/json_2.1.1/valid_unseen/pick_cool_then_place_in_recep-Lettuce-None-CounterTop-10/trial_T20190909_174840_771703, score: 0.0, goal_condition_score: 0.3333333333333333, steps: 50",
